{
  "validation_summary": {
    "timestamp": "2025-06-12T20:30:00Z",
    "validation_status": "PASSED",
    "total_tests": 19,
    "passed_tests": 19,
    "failed_tests": 0
  },
  "detailed_results": {
    "energy_validation": {
      "energies": [
        1,
        5,
        10,
        15,
        20,
        30,
        50,
        100
      ],
      "enhancements": [
        2.0983846254152323,
        2.24339324029492,
        2.334452176253486,
        2.3626750898430693,
        2.338270899391114,
        2.165777982148623,
        1.6305540555635982,
        2.0322223427028128
      ]
    },
    "mu_validation": {
      "mu_values": [
        0.1,
        0.5,
        1.0,
        2.0,
        5.0,
        10.0
      ],
      "enhancements": [
        2.100607858240667,
        2.279993955481319,
        2.338270899391114,
        2.060752289685658,
        3.1651661653119367,
        8.796873081016836
      ]
    },
    "coupling_validation": {
      "coupling_values": [
        0.1,
        0.3,
        0.5,
        1.0
      ],
      "enhancements": [
        1.9344988125705127,
        2.338270899391114,
        2.8157593391311386,
        4.419374639591777
      ]
    },
    "physical_bounds_check": {
      "tests": [
        {
          "test": "Very small \u03bc",
          "mu": 0.01,
          "coupling": 0.1,
          "enhancement": 2.0079725893023244,
          "bounded": 