{
  "test_type": "simplified_reactor_design",
  "mu_values": [
    1.0,
    2.0,
    3.0,
    4.0,
    5.0,
    6.0,
    7.0,
    8.0,
    9.0,
    10.0
  ],
  "energy_values": [
    1022.0,
    1464.0,
    1906.0,
    2348.0,
    2790.0,
    3232.0,
    3674.0,
    4116.0,
    4558.0,
    5000.0
  ],
  "yield_matrix": [
    [
      0.0,
      1.11600129976128e-10,
      2.97290221962495e-10,
      4.831231419280695e-10,
      6.545233603125029e-10,
      8.096859764043756e-10,
      9.49890425324494e-10,
      1.0770250566763755e-09,
      1.1929079422289696e-09,
      1.2991192092096535e-09
    ],
    [
      0.0,
      1.3367200988410512e-10,
      3.560872330266905e-10,
      5.786735321622199e-10,
      7.839726809259594e-10,
      9.69822811712662e-10,
      1.1377564018066382e-09,
      1.2900352719326499e-09,
      1.4288370656787543e-09,
      1.5560544222596315e-09
    ],
    [
      0.0,
      1.5007634966375422e-10,
      3.997865532271531e-10,
      6.496888273710603e-10,
      8.801824577298099e-10,
      1.088840270514865e-09,
      1.277382809892288e-09,
      1.448349469099753e-09,
      1.604185133950287e-09,
      1.747014709910755e-09
    ],
    [
      0.0,
      1.633836410764491e-10,
      4.352356841434515e-10,
      7.072968287168364e-10,
      9.582283622816942e-10,
      1.1853878932021343e-09,
      1.3906485265417723e-09,
      1.5767748239002586e-09,
      1.7464284594657208e-09,
      1.9019227543770167e-09
    ],
    [
      0.0,
      1.7471175983587883e-10,
      4.6541252122355833e-10,
      7.563368820605079e-10,
      1.024666621430918e-09,
      1.2675761388656079e-09,
      1.4870684101818973e-09,
      1.6860996764028614e-09,
      1.8675161574955288e-09,
      2.033791567502336e-09
    ],
    [
      0.0,
      1.8465542395823605e-10,
      4.919013265205452e-10,
      7.99383554623508e-10,
      1.0829851955811122e-09,
      1.3397198307741226e-09,
      1.5717044347500608e-09,
      1.7820635020475405e-09,
      1.9738052443357906e-09,
      2.1495441663034876e-09
    ],
    [
      0.0,
      1.9357100621597772e-10,
      5.156514371064008e-10,
      8.379796038700428e-10,
      1.1352741746327304e-09,
      1.4044045397177165e-09,
      1.6475898860002815e-09,
      1.868105565694788e-09,
      2.0691050337458097e-09,
      2.2533290290522906e-09
    ],
    [
      0.0,
      2.0168988463077533e-10,
      5.372792180645233e-10,
      8.731266780672505e-10,
      1.1828905670433724e-09,
      1.4633089692914093e-09,
      1.7166941502358123e-09,
      1.946458838999366e-09,
      2.155888754742148e-09,
      2.3478395901793903e-09
    ],
    [
      0.0,
      2.09171274296108e-10,
      5.572088005360706e-10,
      9.055140281704883e-10,
      1.2267681530695553e-09,
      1.5175882635658177e-09,
      1.7803723951692297e-09,
      2.018659867170628e-09,
      2.235858277650357e-09,
      2.434929247045339e-09
    ],
    [
      0.0,
      2.1612968699972167e-10,
      5.757452310725446e-10,
      9.356373820493875e-10,
      1.2675785326469328e-09,
      1.5680732332997708e-09,
      1.8395992939553945e-09,
      2.0858137749491427e-09,
      2.310237633491818e-09,
      2.515931013000331e-09
    ]
  ],
  "cost_matrix": [
    [
      2927.49618762314,
      2927.49618762314,
      2927.49618762314,
      2927.49618762314,
      2927.49618762314,
      2927.49618762314,
      2927.49618762314,
      2927.49618762314,
      2927.49618762314,
      2927.49618762314
    ],
    [
      2732.8621459729716,
      2732.8621459729716,
      2732.8621459729716,
      2732.8621459729716,
      2732.8621459729716,
      2732.8621459729716,
      2732.8621459729716,
      2732.8621459729716,
      2732.8621459729716,
      2732.8621459729716
    ],
    [
      2609.7554738682647,
      2609.7554738682647,
      2609.7554738682647,
      2609.7554738682647,
      2609.7554738682647,
      2609.7554738682647,
      2609.7554738682647,
      2609.7554738682647,
      2609.7554738682647,
      2609.7554738682647
    ],
    [
      2521.6466040648115,
      2521.6466040648115,
      2521.6466040648115,
      2521.6466040648115,
      2521.6466040648115,
      2521.6466040648115,
      2521.6466040648115,
      2521.6466040648115,
      2521.6466040648115,
      2521.6466040648115
    ],
    [
      2453.9541987874586,
      2453.9541987874586,
      2453.9541987874586,
      2453.9541987874586,
      2453.9541987874586,
      2453.9541987874586,
      2453.9541987874586,
      2453.9541987874586,
      2453.9541987874586,
      2453.9541987874586
    ],
    [
      2399.493559376583,
      2399.493559376583,
      2399.493559376583,
      2399.493559376583,
      2399.493559376583,
      2399.493559376583,
      2399.493559376583,
      2399.493559376583,
      2399.493559376583,
      2399.493559376583
    ],
    [
      2354.2346622318373,
      2354.2346622318373,
      2354.2346622318373,
      2354.2346622318373,
      2354.2346622318373,
      2354.2346622318373,
      2354.2346622318373,
      2354.2346622318373,
      2354.2346622318373,
      2354.2346622318373
    ],
    [
      2315.7074630058582,
      2315.7074630058582,
      2315.7074630058582,
      2315.7074630058582,
      2315.7074630058582,
      2315.7074630058582,
      2315.7074630058582,
      2315.7074630058582,
      2315.7074630058582,
      2315.7074630058582
    ],
    [
      2282.2968105714144,
      2282.2968105714144,
      2282.2968105714144,
      2282.2968105714144,
      2282.2968105714144,
      2282.2968105714144,
      2282.2968105714144,
      2282.2968105714144,
      2282.2968105714144,
      2282.2968105714144
    ],
    [
      2252.893025932528,
      2252.893025932528,
      2252.893025932528,
      2252.893025932528,
      2252.893025932528,
      2252.893025932528,
      2252.893025932528,
      2252.893025932528,
      2252.893025932528,
      2252.893025932528
    ]
  ],
  "key_findings": {
    "production_cost_per_kwh": 2503462.6261206414,
    "target_cost_per_kwh": 0.1,
    "cost_reduction_needed": 25034626.26120641,
    "max_yield": 2.515931013000331e-09,
    "min_cost": 2252.893025932528
  }
}