{
  "temperature_kev": [
    5.0,
    5.959595959595959,
    6.919191919191919,
    7.878787878787879,
    8.838383838383837,
    9.797979797979798,
    10.757575757575758,
    11.717171717171716,
    12.676767676767676,
    13.636363636363637,
    14.595959595959595,
    15.555555555555555,
    16.515151515151516,
    17.474747474747474,
    18.434343434343432,
    19.39393939393939,
    20.353535353535353,
    21.31313131313131,
    22.272727272727273,
    23.232323232323232,
    24.19191919191919,
    25.151515151515152,
    26.11111111111111,
    27.07070707070707,
    28.03030303030303,
    28.98989898989899,
    29.949494949494948,
    30.909090909090907,
    31.86868686868687,
    32.82828282828282,
    33.78787878787878,
    34.74747474747475,
    35.707070707070706,
    36.666666666666664,
    37.62626262626262,
    38.58585858585858,
    39.54545454545455,
    40.505050505050505,
    41.464646464646464,
    42.42424242424242,
    43.38383838383838,
    44.34343434343434,
    45.303030303030305,
    46.26262626262626,
    47.22222222222222,
    48.18181818181818,
    49.14141414141414,
    50.1010101010101,
    51.06060606060606,
    52.02020202020202,
    52.97979797979798,
    53.93939393939394,
    54.898989898989896,
    55.858585858585855,
    56.81818181818181,
    57.77777777777778,
    58.73737373737374,
    59.696969696969695,
    60.656565656565654,
    61.61616161616161,
    62.57575757575757,
    63.535353535353536,
    64.4949494949495,
    65.45454545454545,
    66.41414141414141,
    67.37373737373737,
    68.33333333333333,
    69.29292929292929,
    70.25252525252525,
    71.2121212121212,
    72.17171717171716,
    73.13131313131314,
    74.0909090909091,
    75.05050505050505,
    76.01010101010101,
    76.96969696969697,
    77.92929292929293,
    78.88888888888889,
    79.84848484848484,
    80.8080808080808,
    81.76767676767676,
    82.72727272727272,
    83.68686868686868,
    84.64646464646464,
    85.60606060606061,
    86.56565656565657,
    87.52525252525253,
    88.48484848484848,
    89.44444444444444,
    90.4040404040404,
    91.36363636363636,
    92.32323232323232,
    93.28282828282828,
    94.24242424242424,
    95.2020202020202,
    96.16161616161615,
    97.12121212121212,
    98.08080808080808,
    99.04040404040404,
    100.0
  ],
  "lawson_classical_log": [
    1.6730790895048138,
    1.4443386513790875,
    1.2498229718282432,
    1.0806108782340786,
    0.9308705272385801,
    0.7965794835067853,
    0.29457719010295064,
    0.2574688086507889,
    0.22328307206065034,
    0.19159302938270117,
    0.16205895078514065,
    0.13440607704124427,
    0.10840904088140237,
    0.08388069474891179,
    0.06066392908521379,
    0.038625569174157603,
    0.017651747400579003,
    -0.002355657419985419,
    -0.021481795926150155,
    -0.03980103813988563,
    -0.057378719872874795,
    -0.07427254921802916,
    -0.09053374955225409,
    -0.10620799615108162,
    -0.12133618958098785,
    -0.13595509885628523,
    -0.15009789982257413,
    -0.2412571758653776,
    -0.23461820731609098,
    -0.22817620861673038,
    -0.22191982805424665,
    -0.2158386678204026,
    -0.20992318003970853,
    -0.2041645765881114,
    -0.1985547505640118,
    -0.19308620765031337,
    -0.18775200590918661,
    -0.18254570279607646,
    -0.1774613083784378,
    -0.17249324390721743,
    -0.16763630502253707,
    -0.16288562898510708,
    -0.15823666541611223,
    -0.1536851501042331,
    -0.14922708150189942,
    -0.14485869958611078,
    -0.14057646680398223,
    -0.13637705086106894,
    -0.13225730914265774,
    -0.1282142745855721,
    -0.12424514284137925,
    -0.12034726059188945,
    -0.11651811489501104,
    -0.11275532345381857,
    -0.10905662571446768,
    -0.1054198747096555,
    -0.10184302957393399,
    -0.09832414866553993,
    -0.09486138323670522,
    -0.0914529716007842,
    -0.08809723375012657,
    -0.08479256638353326,
    -0.08153743830645058,
    -0.07833038617087097,
    -0.07517001052526996,
    -0.07205497214789325,
    -0.06898398863934674,
    -0.06595583125279185,
    -0.0629693219421351,
    -0.06002333061046827,
    -0.05711677254267314,
    -0.054248606007594284,
    -0.05141783001651699,
    -0.048623482225880116,
    -0.04586463697322715,
    -0.04314040343636738,
    -0.040449923906584126,
    -0.037792372167517484,
    -0.03516695197205374,
    -0.03257289561019588,
    -0.03000946256147136,
    -0.02747593822595842,
    -0.024971632728489967,
    -0.022495879791029474,
    -0.02004803566860774,
    -0.017627478144568588,
    -0.015233605581199818,
    -0.012865836022127231,
    -0.01052360634312096,
    -0.008206371448211682,
    -0.0059136035082514886,
    -0.003644791239251959,
    -0.001399439218037559,
    0.0008229327670822948,
    0.0030227903327474147,
    0.005200585086069496,
    0.007356755181081703,
    0.009491725847834724,
    0.011605909895733799,
    0.013699708192607369
  ],
  "lawson_polymer_log": [
    1.5332000031035773,
    1.304459564977851,
    1.1099438854270067,
    0.9407317918328422,
    0.7909914408373437,
    0.6567003971055487,
    0.1546981037017141,
    0.11758972224955241,
    0.08340398565941387,
    0.051713942981464665,
    0.022179864383904107,
    -0.0054730093599921785,
    -0.03147004551983407,
    -0.05599839165232469,
    -0.07921515731602274,
    -0.10125351722707877,
    -0.12222733900065744,
    -0.14223474382122184,
    -0.16136088232738663,
    -0.17968012454112212,
    -0.19725780627411127,
    -0.21415163561926565,
    -0.2304128359534906,
    -0.24608708255231818,
    -0.26121527598222427,
    -0.27583418525752174,
    -0.2899769862238106,
    -0.3811362622666142,
    -0.3744972937173275,
    -0.3680552950179669,
    -0.3617989144554832,
    -0.35571775422163904,
    -0.349802266440945,
    -0.3440436629893479,
    -0.3384338369652483,
    -0.33296529405154995,
    -0.32763109231042314,
    -0.322424789197313,
    -0.31734039477967424,
    -0.3123723303084539,
    -0.3075153914237736,
    -0.3027647153863435,
    -0.2981157518173486,
    -0.29356423650546953,
    -0.28910616790313587,
    -0.28473778598734717,
    -0.28045555320521864,
    -0.27625613726230547,
    -0.2721363955438942,
    -0.2680933609868085,
    -0.26412422924261575,
    -0.26022634699312597,
    -0.2563972012962476,
    -0.25263440985505503,
    -0.24893571211570414,
    -0.245298961110892,
    -0.24172211597517043,
    -0.2382032350667764,
    -0.23474046963794173,
    -0.23133205800202067,
    -0.22797632015136302,
    -0.2246716527847697,
    -0.22141652470768702,
    -0.2182094725721074,
    -0.2150490969265064,
    -0.21193405854912972,
    -0.20886307504058318,
    -0.20583491765402828,
    -0.20284840834337156,
    -0.19990241701170475,
    -0.1969958589439096,
    -0.19412769240883074,
    -0.19129691641775343,
    -0.18850256862711656,
    -0.1857437233744636,
    -0.18301948983760388,
    -0.18032901030782056,
    -0.17767145856875394,
    -0.17504603837329027,
    -0.17245198201143236,
    -0.16988854896270786,
    -0.16735502462719495,
    -0.16485071912972646,
    -0.1623749661922659,
    -0.15992712206984425,
    -0.15750656454580506,
    -0.15511269198243635,
    -0.1527449224233637,
    -0.1504026927443575,
    -0.14808545784944815,
    -0.145792689909488,
    -0.1435238776404884,
    -0.141278525619274,
    -0.1390561536341541,
    -0.13685629606848898,
    -0.134678501315167,
    -0.13252233122015483,
    -0.13038736055340167,
    -0.1282731765055027,
    -0.1261793782086292
  ],
  "achieved_point": {
    "temperature_kev": 50,
    "n_tau_T": 4.5e+22,
    "n_tau_T_log": 22.653212513775344
  }
}