{
  "polymer_scale_sweep": {
    "mu_values": [
      0.1,
      0.6102564102564102,
      1.1205128205128205,
      1.6307692307692307,
      2.141025641025641,
      2.651282051282051,
      3.1615384615384614,
      3.6717948717948716,
      4.182051282051281,
      4.692307692307692,
      5.202564102564102,
      5.712820512820512,
      6.223076923076922,
      6.7333333333333325,
      7.243589743589743,
      7.753846153846153,
      8.264102564102563,
      8.774358974358973,
      9.284615384615384,
      9.794871794871794,
      10.305128205128204,
      10.815384615384614,
      11.325641025641024,
      11.835897435897435,
      12.346153846153845,
      12.856410256410255,
      13.366666666666665,
      13.876923076923076,
      14.387179487179486,
      14.897435897435896,
      15.407692307692306,
      15.917948717948716,
      16.42820512820513,
      16.93846153846154,
      17.44871794871795,
      17.95897435897436,
      18.46923076923077,
      18.97948717948718,
      19.48974358974359,
      20.0
    ],
    "energy_yields_kwh": [
      25598105.489549037,
      27129893.67220752,
      28163315.753661867,
      28974329.498415314,
      29649338.128978677,
      30231168.926691927,
      30744718.530948147,
      31205877.640088584,
      31625457.623840738,
      32011169.14755046,
      32368715.871273354,
      32702441.899237055,
      33015736.07842092,
      33311295.559501782,
      33591303.82544785,
      33857554.59609846,
      34111540.29631481,
      34354516.63557689,
      34587550.67067018,
      34811557.19198867,
      35027326.69175856,
      35235547.15616394,
      35436821.25458883,
      35631680.04953298,
      35820594.04249969,
      36003982.15608733,
      36182219.10005262,
      36355641.459441975,
      36524552.762934215,
      36689227.73052682,
      36849915.85564545,
      37006844.44352104,
      37160221.2023571,
      37310236.464340486,
      37457065.09845043,
      37600868.165217884,
      37741794.354290985,
      37879981.23828883,
      38015556.370537296,
      38148638.24955011
    ],
    "cost_per_kwh_values": [
      3.9065391007481824e-08,
      3.685970951756522e-08,
      3.5507182774456425e-08,
      3.451330944706392e-08,
      3.37275657098942e-08,
      3.30784430607006e-08,
      3.2525911694178736e-08,
      3.2045245178919486e-08,
      3.1620095806808294e-08,
      3.123909643508042e-08,
      3.089402755354536e-08,
      3.0578756261725214e-08,
      3.0288587164155334e-08,
      3.001984711803735e-08,
      2.976960957503613e-08,
      2.9535505795661744e-08,
      2.931559206395712e-08,
      2.9108254108410853e-08,
      2.8912136899245304e-08,
      2.8726092156260514e-08,
      2.8549138471229268e-08,
      2.838043057960758e-08,
      2.8219235377115177e-08,
      2.806491298220744e-08,
      2.7916901624064086e-08,
      2.777470546632093e-08,
      2.7637884708916203e-08,
      2.750604747589424e-08,
      2.7378843116590283e-08,
      2.725595663513959e-08,
      2.7137104028062493e-08,
      2.7022028358191312e-08,
      2.6910496429891254e-08,
      2.6802295958530226e-08,
      2.669723314871696e-08,
      2.6595130612570134e-08,
      2.649582557238185e-08,
      2.6399168302364594e-08,
      2.63050207723651e-08,
      2.6213255462972995e-08
    ],
    "enhancement_factors": [
      1.0253424062812744,
      1.0866987977439746,
      1.1280929346708348,
      1.1605784162590012,
      1.1876161583217892,
      1.2109216248306065,
      1.2314920606852384,
      1.2499639741960893,
      1.2667704191239584,
      1.2822202492690997,
      1.296541927028014,
      1.3099094572419472,
      1.3224585815390344,
      1.3342973353739391,
      1.3455131790347523,
      1.3561779606907465,
      1.366351460019718,
      1.3760839749697054,
      1.3854182469292278,
      1.3943909181952778,
      1.4030336522517683,
      1.411374006661886,
      1.4194361215900915,
      1.427241268958309,
      1.4348082948934031,
      1.442153979508466,
      1.4492933319534427,
      1.4562398342776814,
      1.4630056444444357,
      1.469601766473647,
      1.476038193924781,
      1.482324031600244,
      1.4884675993356296,
      1.4944765209631994,
      1.5003578009302168,
      1.5061178905809982,
      1.5117627457391762,
      1.5172978769313148,
      1.5227283933571614,
      1.5280590415223212
    ],
    "economic_viability": [
      