{
  "config": {
    "n_samples": 100,
    "confidence_level": 0.95,
    "mu_g_nominal": 0.15,
    "mu_g_uncertainty": 0.05,
    "schwinger_rate_nominal": 1e-16,
    "rate_uncertainty_factor": 0.2
  },
  "phase_grid": [
    0.0,
    0.6613879270715354,
    1.3227758541430708,
    1.984163781214606,
    2.6455517082861415,
    3.306939635357677,
    3.968327562429212,
    4.6297154895007475,
    5.291103416572283,
    5.9524913436438185,
    6.613879270715354,
    7.2752671977868895,
    7.936655124858424,
    8.59804305192996,
    9.259430979001495,
    9.92081890607303,
    10.582206833144566,
    11.243594760216101,
    11.904982687287637,
    12.566370614359172
  ],
  "total_rates": {
    "mean": [
      1.0231648357776218e-16,
      1.0231648357776218e-16,
      1.0231648357776218e-16,
      1.0231648357776218e-16,
      1.0231648357776218e-16,
      1.0231648357776218e-16,
      1.0231648357776218e-16,
      1.0231648357776218e-16,
      1.0231648357776218e-16,
      1.0231648357776218e-16,
      1.0231648357776218e-16,
      1.0231648357776218e-16,
      1.0231648357776218e-16,
      1.0231648357776218e-16,
      1.0231648357776218e-16,
      1.0231648357776218e-16,
      1.0231648357776218e-16,
      1.0231648357776218e-16,
      1.0231648357776218e-16,
      1.0231648357776218e-16
    ],
    "std": [
      2.0290096161568132e-17,
      2.0290096161568132e-17,
      2.0290096161568132e-17,
      2.0290096161568132e-17,
      2.0290096161568132e-17,
      2.0290096161568132e-17,
      2.0290096161568132e-17,
      2.0290096161568132e-17,
      2.0290096161568132e-17,
      2.0290096161568132e-17,
      2.0290096161568132e-17,
      2.0290096161568132e-17,
      2.0290096161568132e-17,
      2.0290096161568132e-17,
      2.0290096161568132e-17,
      2.0290096161568132e-17,
      2.0290096161568132e-17,
      2.0290096161568132e-17,
      2.0290096161568132e-17,
      2.0290096161568132e-17
    ],
    "lower_bound": [
      7.358538540122181e-17,
      7.358538540122181e-17,
      7.358538540122181e-17,
      7.358538540122181e-17,
      7.358538540122181e-17,
      7.358538540122181e-17,
      7.358538540122181e-17,
      7.358538540122181e-17,
      7.358538540122181e-17,
      7.358538540122181e-17,
      7.358538540122181e-17,
      7.358538540122181e-17,
      7.358538540122181e-17,
      7.358538540122181e-17,
      7.358538540122181e-17,
      7.358538540122181e-17,
      7.358538540122181e-17,
      7.358538540122181e-17,
      7.358538540122181e-17,
      7.358538540122181e-17
    ],
    "upper_bound": [
      1.5077565274543832e-16,
      1.5077565274543832e-16,
      1.5077565274543832e-16,
      1.5077565274543832e-16,
      1.5077565274543832e-16,
      1.5077565274543832e-16,
      1.5077565274543832e-16,
      1.5077565274543832e-16,
      1.5077565274543832e-16,
      1.5077565274543832e-16,
      1.5077565274543832e-16,
      1.5077565274543832e-16,
      1.5077565274543832e-16,
      1.5077565274543832e-16,
      1.5077565274543832e-16,
      1.5077565274543832e-16,
      1.5077565274543832e-16,
      1.5077565274543832e-16,
      1.5077565274543832e-16,
      1.5077565274543832e-16
    ],
    "confidence_level": 0.95
  },
  "instanton_rates": {
    "mean": [
      5.0063996289073794e-55,
      4.4785761911526305e-55,
      3.1176990403156114e-55,
      1.4976759019954816e-55,
      3.0170128361671605e-56,
      3.4140382791695485e-57,
      8.078287100272305e-56,
      2.2964872121896383e-55,
      3.8723203423815344e-55,
      4.870769358385821e-55,
      4.870769358385822e-55,
      3.872320342381535e-55,
      2.2964872121896427e-55,
      8.078287100272329e-56,
      3.414038279169587e-57,
      3.0170128361671496e-56,
      1.4976759019954792e-55,
      3.11769904031561e-55,
      4.4785761911526305e-55,
      5.0063996289073794e-55
    ],
    "std": [
      6.492505435376037e-57,
      5.808002240953765e-57,
      4.043160647471803e-57,
      1.9422478537254743e-57,
      3.912586626986772e-58,
      4.427465589463475e-59,
      1.0476255751579424e-57,
      2.9781792930235584e-57,
      5.021784662427398e-57,
      6.316614508994891e-57,
      6.31661450899489e-57,
      5.021784662427403e-57,
      2.9781792930235635e-57,
      1.0476255751579448e-57,
      4.427465589463526e-59,
      3.912586626986761e-58,
      1.9422478537254712e-57,
      4.043160647471801e-57,
      5.808002240953765e-57,
      6.492505435376037e-57
    ],
    "lower_bound": [
      4.8639008989936394e-55,
      4.351101066039528e-55,
      3.0289589902938317e-55,
      1.455047080951215e-55,
      2.9311386492954464e-56,
      3.316863432030002e-57,
      7.848352269456855e-56,
      2.2311215731562262e-55,
      3.762101268494112e-55,
      4.732131115592519e-55,
      4.732131115592521e-55,
      3.762101268494114e-55,
      2.2311215731562302e-55,
      7.848352269456878e-56,
      3.3168634320300404e-57,
      2.9311386492954356e-56,
      1.4550470809512135e-55,
      3.02895899029383e-55,
      4.351101066039528e-55,
      4.8639008989936394e-55
    ],
    "upper_bound": [
      5.108062445657358e-55,
      4.569520723025996e-55,
      3.181008821737588e-55,
      1.5280885661975701e-55,
      3.0782780258904454e-56,
      3.483365694813427e-57,
      8.242329422500572e-56,
      2.3431209961315845e-55,
      3.950953895941993e-55,
      4.969677989221799e-55,
      4.9696779892218e-55,
      3.9509538959419944e-55,
      2.3431209961315885e-55,
      8.242329422500596e-56,
      3.483365694813467e-57,
      3.078278025890434e-56,
      1.5280885661975685e-55,
      3.181008821737586e-55,
      4.569520723025996e-55,
      5.108062445657358e-55
    ]
  },
  "global_statistics": {
    "total_rate_global_mean": 1.0231648357776218e-16,
    "total_rate_global_std": 2.029009616156813e-17,
    "instanton_rate_global_mean": 2.6283598051763737e-55,
    "instanton_rate_global_std": 3.4085653535724177e-57
  },
  "correlation_analysis": {
    "mu_g_vs_total_rate": -0.150127451319074,
    "schwinger_vs_total_rate": 1.0,
    "mu_g_vs_schwinger": -0.1501274513190741
  }
}