{
  "parameter_space": {
    "total_combinations": 36,
    "mu_g_range": [
      0.1,
      0.6
    ],
    "b_range": [
      0.0,
      10.0
    ]
  },
  "yield_ratios": {
    "min": 1.1339490803188575e+18,
    "max": 2.897290915470213e+18,
    "mean": 1.8536542884448417e+18,
    "std": 6.025171262914766e+17
  },
  "critical_field_ratios": {
    "min": 4.157473513318173e-18,
    "max": 9.39504570637385e-16,
    "mean": 1.8866584759693723e-16,
    "std": 3.3631227897959873e-16
  },
  "total_ratios": {
    "min": 1.1339490803188575e+18,
    "max": 1.463730422011478e+302,
    "mean": 7.589713299318776e+301,
    "std": Infinity
  },
  "optimal_parameters": {
    "max_yield": {
      "mu_g": 0.5,
      "b": 10.0,
      "ratio": 2.897290915470213e+18
    },
    "max_total": {
      "mu_g": 0.5,
      "b": 0.0,
      "ratio": 1.463730422011478e+302
    }
  }
}