{
  "parameter_space": {
    "total_combinations": 25,
    "mu_g_range": [
      0.05,
      0.5
    ],
    "b_range": [
      0.0,
      10.0
    ]
  },
  "deliverable_1_propagator": {
    "description": "Non-Abelian tensor D^{ab}_{\u03bc\u03bd}(k) with full color/Lorentz structure",
    "implementation": "Complete with gauge invariance and polymer corrections"
  },
  "deliverable_2_running_coupling": {
    "description": "\u03b1_eff(E) = \u03b1\u2080/(1-(b/2\u03c0)\u03b1\u2080ln(E/E\u2080)) with Schwinger formula",
    "yield_ratios": {
      "min": 0.8592237448960156,
      "max": 1.2881754741234688,
      "mean": 1.031464098653877,
      "std": 0.11163457913726471
    }
  },
  "deliverable_3_parameter_sweep": {
    "description": "2D grid over (\u03bc_g, b) computing yield and critical field ratios",
    "critical_field_ratios": {
      "min": 0.9193953882637206,
      "max": 0.9991669443948469,
      "mean": 0.9671549977087375,
      "std": 0.029018915750158056
    }
  },
  "deliverable_4_instanton_uq": {
    "description": "Instanton sector mapping with uncertainty quantification",
    "instanton_rates": {
      "min": 0.10314665675170616,
      "max": 0.20690958287107852,
      "mean": 0.12396103107475222,
      "std": 0.041474332591662784
    }
  },
  "total_enhancement": {
    "min": 44823.85261790964,
    "max": 89915.07848420681,
    "mean": 53869.035061855226,
    "std": 18022.99904211388
  },
  "optimal_parameters": {
    "max_yield": {
      "mu_g": 0.5,
      "b": 0.0,
      "ratio": 1.2881754741234688
    },
    "max_total": {
      "mu_g": 0.5,
      "b": 0.0,
      "ratio": 89915.07848420681
    },
    "max_instanton": {
      "mu_g": 0.5,
      "b": 0.0,
      "rate": 0.20690958287107852
    }
  }
}