{
  "E_fields": [
    1e+16,
    1.2742749857031322e+16,
    1.6237767391887176e+16,
    2.0691380811147816e+16,
    2.6366508987303664e+16,
    3.359818286283788e+16,
    4.281332398719396e+16,
    5.4555947811685144e+16,
    6.951927961775591e+16,
    8.858667904100795e+16,
    1.128837891684693e+17,
    1.438449888287666e+17,
    1.8329807108324374e+17,
    2.3357214690901213e+17,
    2.976351441631313e+17,
    3.792690190732238e+17,
    4.8329302385717325e+17,
    6.158482110660279e+17,
    7.847599703514623e+17,
    1e+18
  ],
  "rates_b0": [
    2.8306873030524047e+37,
    4.596404198613338e+37,
    7.463534221617698e+37,
    1.2119113261201788e+38,
    1.96787342131333e+38,
    3.1953870871963057e+38,
    5.188595224893352e+38,
    8.425120235247478e+38,
    1.368051426286303e+39,
    2.2214100840176465e+39,
    3.6070740226271687e+39,
    5.857082894473876e+39,
    9.510594963546805e+39,
    1.5443082877652674e+40,
    2.5076118758095975e+40,
    4.0718018348530114e+40,
    6.611697106020261e+40,
    1.0735919967317234e+41,
    1.7432737116721425e+41,
    2.8306873030524036e+41
  ],
  "rates_b5": [
    5.140766994199977e+37,
    8.3792146712754375e+37,
    1.3657834660934542e+38,
    2.2261966952283112e+38,
    3.628677545870607e+38,
    5.914750012975063e+38,
    9.641122378073528e+38,
    1.571527534165428e+39,
    2.5616488890829927e+39,
    4.175614853709879e+39,
    6.806510188124546e+39,
    1.1095115076148185e+40,
    1.8085994009547505e+40,
    2.948195144183416e+40,
    4.80588479047513e+40,
    7.834184262806892e+40,
    1.2770782822782225e+41,
    2.0818267299652553e+41,
    3.3937119533240124e+41,
    5.532338254638894e+41
  ],
  "rates_b10": [
    1.2078944122699332e+38,
    1.9843616844927324e+38,
    3.260186228545185e+38,
    5.356659614832714e+38,
    8.80189361118501e+38,
    1.4464018404245336e+39,
    2.3770207485384486e+39,
    3.906686053493977e+39,
    6.421196610399947e+39,
    1.0554939054338173e+40,
    1.7351147291109206e+40,
    2.85255332851435e+40,
    4.69000029650758e+40,
    7.711625140110288e+40,
    1.2680994716554543e+41,
    2.0854296316317656e+41,
    3.429833286439466e+41,
    5.641390818469258e+41,
    9.279734095265858e+41,
    1.5265868462303914e+42
  ]
}