{
  "mu_values": [
    0.1,
    0.301010101010101,
    0.502020202020202,
    0.703030303030303,
    0.904040404040404,
    1.105050505050505,
    1.3060606060606061,
    1.507070707070707,
    1.708080808080808,
    1.9090909090909092,
    2.11010101010101,
    2.311111111111111,
    2.512121212121212,
    2.713131313131313,
    2.914141414141414,
    3.1151515151515152,
    3.316161616161616,
    3.517171717171717,
    3.7181818181818183,
    3.919191919191919,
    4.1202020202020195,
    4.32121212121212,
    4.522222222222221,
    4.723232323232323,
    4.924242424242424,
    5.125252525252525,
    5.326262626262626,
    5.5272727272727264,
    5.728282828282827,
    5.929292929292929,
    6.13030303030303,
    6.331313131313131,
    6.532323232323232,
    6.7333333333333325,
    6.934343434343433,
    7.135353535353534,
    7.336363636363636,
    7.537373737373737,
    7.738383838383838,
    7.939393939393939,
    8.14040404040404,
    8.341414141414141,
    8.542424242424241,
    8.743434343434343,
    8.944444444444443,
    9.145454545454545,
    9.346464646464646,
    9.547474747474746,
    9.748484848484848,
    9.949494949494948,
    10.15050505050505,
    10.35151515151515,
    10.552525252525252,
    10.753535353535353,
    10.954545454545453,
    11.155555555555555,
    11.356565656565655,
    11.557575757575757,
    11.758585858585858,
    11.959595959595958,
    12.16060606060606,
    12.36161616161616,
    12.562626262626262,
    12.763636363636362,
    12.964646464646464,
    13.165656565656565,
    13.366666666666665,
    13.567676767676767,
    13.768686868686867,
    13.969696969696969,
    14.170707070707069,
    14.37171717171717,
    14.572727272727272,
    14.773737373737372,
    14.974747474747474,
    15.175757575757574,
    15.376767676767676,
    15.577777777777778,
    15.778787878787877,
    15.97979797979798,
    16.18080808080808,
    16.381818181818183,
    16.582828282828284,
    16.783838383838383,
    16.984848484848484,
    17.185858585858586,
    17.386868686868688,
    17.58787878787879,
    17.788888888888888,
    17.98989898989899,
    18.19090909090909,
    18.391919191919193,
    18.592929292929295,
    18.793939393939393,
    18.994949494949495,
    19.195959595959597,
    19.3969696969697,
    19.5979797979798,
    19.7989898989899,
    20.0
  ],
  "confinement_times": [
    1429.494675215643,
    1500.6261091361341,
    1554.5108560750919,
    1599.654583559109,
    1638.9140301861732,
    1673.8036393091809,
    1705.2742200671764,
    1733.9782174024072,
    1760.3889449515839,
    1784.8633338728214,
    1807.678467163073,
    1829.054396296451,
    1849.1691464278974,
    1868.1689858027833,
    1886.1756817017585,
    1903.2917633814545,
    1919.6044245194403,
    1935.1884719744726,
    1950.1085907321922,
    1964.4211088410386,
    1978.175390407042,
    1991.4149476754174,
    2004.1783380479935,
    2016.4998944247861,
    2028.410324932506,
    2039.9372092621359,
    2051.105412404525,
    2061.9374318297373,
    2072.4536906165467,
    2082.672786368117,
    2092.6117037146446,
    2102.2859966378314,
    2111.709945636683,
    2120.896693803091,
    2129.858365125813,
    2138.6061677459716,
    2147.150484411104,
    2155.5009519918053,
    2163.6665316150056,
    2171.6555707156417,
    2179.4758581020255,
    2187.1346729604775,
    2194.6388285844737,
    2201.9947114971387,
    2209.2083165388076,
    2216.28527841012,
    2223.230900092799,
    2230.0501785126285,
    2236.747827760359,
    2243.3283001448067,
    2249.795805317074,
    2256.1543276746,
    2262.4076422278085,
    2268.559329089852,
    2274.6127867306654,
    2280.5712441199416,
    2286.4377718691617,
    2292.2152924703046,
    2297.9065897178657,
    2303.5143173913075,
    2309.04100726664,
    2314.4890765185323,
    2319.860834567847,
    2325.15848942383,
    2330.384153565135,
    2335.5398493994308,
    2340.627514337376,
    2345.649005513262,
    2350.6061041814955,
    2355.5005198153212,
    2360.3338939317096,
    2365.1078036641065,
    2369.823765102781,
    2374.4832364207023,
    2379.08762080129,
    2383.638269182961,
    2388.136482834066,
    2392.5835157706783,
    2396.9805770286202,
    2401.328832800164,
    2405.6294084449896,
    2409.883390384186,
    2414.091827885384,
    2418.2557347464603,
    2422.3760908846525,
    2426.4538438374207,
    2430.489910180865,
    2434.485176871096,
    2438.440502513536,
    2442.3567185647466,
    2446.234630471061,
    2450.0750187479666,
    2453.8786400039135,
    2457.6462279119446,
    2461.3784941323192,
    2465.0761291890744,
    2468.7398033032496,
    2472.370167185338,
    2475.9678527893375,
    2479.5334740306057
  ],
  "temperatures": [
    51505395.76357453,
    53345166.9127304,
    54822417.124272,
    56089241.52399374,
    57206862.15894459,
    58210580.50960886,
    59123630.49115823,
    59962432.87411334,
    60739140.60249832,
    61463051.12354895,
    62141460.71928883,
    62780213.371644,
    63384069.564109355,
    63956962.946037754,
    64502184.113260955,
    65022515.35903512,
    65520331.48839097,
    65997676.56918898,
    66456323.26258109,
    66897819.31106791,
    67323524.40636131,
    67734639.74720064,
    68132231.97082658,
    68517252.70348035,
    68890554.66343327,
    69252905.02481519,
    69604996.58560187,
    69947457.16087115,
    70280857.53076594,
    70605718.2031351,
    70922515.19766384,
    71231685.01725657,
    71533628.94047049,
    71828716.74370734,
    72117289.94203411,
    72399664.62170696,
    72676133.92481573,
    72946970.23625858,
    73212427.11497894,
    73472741.00464599,
    73728132.75342609,
    73978808.96793345,
    74224963.22267574,
    74466777.14317222,
    74704421.37830374,
    74938056.47525753,
    75167833.66858166,
    75393895.59330358,
    75616376.9307429,
    75835404.99452402,
    76051100.2633322,
    76263576.86613579,
    76472943.02488954,
    76679301.4591274,
    76882749.75632656,
    77083380.71147102,
    77281282.63884737,
    77476539.65876217,
    77669231.96157084,
    77859436.0511455,
    78047224.96967965,
    78232668.50552626,
    78415833.38558725,
    78596783.45361705,
    78775579.83566369,
    78952281.09374833,
    79126943.36877611,
    79299620.513574,
    79470364.21686564,
    79639224.11891666,
    79806247.91951498,
    79971481.4788902,
    80134968.91212027,
    80296752.67752573,
    80456873.65950584,
    80615371.24623317,
    80772283.40258521,
    80927646.73866126,
    81081496.57420169,
    81233866.99920166,
    81384790.93098679,
    81534300.16799639,
    81682425.4405005,
    81829196.45845874,
    81974641.95671305,
    82118789.73769078,
    82261666.71178187,
    82403298.93554091,
    82543711.64785346,
    82682929.30419636,
    82820975.60911138,
    82957873.5470033,
    83093645.41136563,
    83228312.83252956,
    83361896.80402519,
    83494417.70763765,
    83625895.3372354,
    83756348.9214422,
    83885797.14521992,
    84014258.17042461
  ],